{
  "llama-65b T=0.1 prompt=base": {
    "P": 0.2132701421800948,
    "R": 0.22429906542056074,
    "F1": 0.2186456119040389
  },
  "gpt2 T=0.1 prompt=base": {
    "P": 0.005494505494505495,
    "R": 0.005607476635514018,
    "F1": 0.005550416281221092
  }
}