{
  "llama-65b (KB) T=0.1 prompt=webnlg": {
    "P": 0.09942168789574357,
    "R": 0.06121588852958403,
    "F1": 0.0665872769267277
  },
  "falcon-40b-instruct (KB) T=0.1 prompt=webnlg": {
    "P": 0.07336904317109293,
    "R": 0.045454711665373584,
    "F1": 0.04884090863274936
  },
  "falcon-7b-instruct (KB) T=0.1 prompt=webnlg": {
    "P": 0.0342076089884588,
    "R": 0.02383944791333365,
    "F1": 0.02302644226426884
  },
  "falcon-7b (KB) T=0.1 prompt=webnlg": {
    "P": 0.03879772080410653,
    "R": 0.027635998625604438,
    "F1": 0.026472453257195196
  }
}