{
  "llama-65b (KB)": {
    "P": 0.09942168789574356,
    "R": 0.06121588852958403,
    "F1": 0.0665872769267277
  }
}