{
  "gpt2-xl (KB top_k=20) T=0.1 prompt=base": {
    "P": 0.11905071521456437,
    "R": 0.22627286208601088,
    "F1": 0.15601567825494203
  },
  "gpt2-xl (KB top_k=5) T=0.1 prompt=base": {
    "P": 0.1551521031113575,
    "R": 0.27669303015323776,
    "F1": 0.1988189850375172
  }
}