{
  "gpt2-xl (KB) T=0.1 prompt=nyt": {
    "P": 0.07001281683699052,
    "R": 0.07253845078039811,
    "F1": 0.0640763935579326
  },
  "gpt2-xl (KB) T=0.01 prompt=nyt": {
    "P": 0.07012676182943824,
    "R": 0.07267948611138289,
    "F1": 0.06414436472784618
  },
  "gpt2-xl (KB) T=0.5 prompt=nyt": {
    "P": 0.061774585799877095,
    "R": 0.061435384767203914,
    "F1": 0.05548802702489259
  },
  "gpt2-xl (KB) T=1.0 prompt=nyt": {
    "P": 0.0299226825854264,
    "R": 0.024383508397085262,
    "F1": 0.023844672683225605
  }
}