{
  "gpt2 T=0.1 prompt=base": {
    "P": 0.0,
    "R": 0.0,
    "F1": 0.0
  },
  "gpt2-xl T=0.1 prompt=base": {
    "P": 0.0002010454362685967,
    "R": 0.00012357884330202668,
    "F1": 0.0001530690341343946
  },
  "falcon-7b T=0.1 prompt=base": {
    "P": 0.0017832647462277093,
    "R": 0.003213049925852694,
    "F1": 0.002293577981651376
  },
  "falcon-40b T=0.1 prompt=base": {
    "P": 0.0050586118001848335,
    "R": 0.012852199703410776,
    "F1": 0.007259781508498831
  },
  "llama-13b T=0.1 prompt=base": {
    "P": 0.001673963430337368,
    "R": 0.003213049925852694,
    "F1": 0.002201151371486624
  },
  "llama-65b T=0.1 prompt=base": {
    "P": 0.01263157894736842,
    "R": 0.025210084033613446,
    "F1": 0.016830294530154277
  },
  "gpt-3.5-turbo T=0.1 prompt=base": {
    "P": 0.005123897522049559,
    "R": 0.015076618882847257,
    "F1": 0.007648423296345057
  },
  "gpt-4 T=0.1 prompt=base": {
    "P": 0.005228438797947716,
    "R": 0.013222936233316857,
    "F1": 0.007493784361102356
  }
}

