{
  "gpt2 (KB top-5) T=0.1 prompt=base": {
    "P": 0.21774193548387097,
    "R": 0.16822429906542055,
    "F1": 0.18980667838312829
  },
  "gpt2-xl (KB top-5) T=0.1 prompt=base": {
    "P": 0.2811148486304661,
    "R": 0.3644859813084112,
    "F1": 0.3174172544763971
  },
  "falcon-7b (KB top-5) T=0.1 prompt=base": {
    "P": 0.2835947435353964,
    "R": 0.41682242990654206,
    "F1": 0.3375378405650858
  },
  "falcon-40b (KB top-5) T=0.1 prompt=base": {
    "P": 0.27215686274509804,
    "R": 0.432398753894081,
    "F1": 0.33405535499398314
  },
  "llama-13b (KB top-5) T=0.1 prompt=base": {
    "P": 0.32614678899082566,
    "R": 0.44299065420560746,
    "F1": 0.3756935270805813
  },
  "llama-65b (KB top-5) T=0.1 prompt=base": {
    "P": 0.3250117757889779,
    "R": 0.42990654205607476,
    "F1": 0.3701716738197425
  },
  "gpt-3.5-turbo (KB top-5) T=0.1 prompt=base": {
    "P": 0.35972161809482384,
    "R": 0.5152647975077882,
    "F1": 0.42366803278688525
  },
  "gpt-4 (KB top-5) T=0.1 prompt=base": {
    "P": 0.4175824175824176,
    "R": 0.497196261682243,
    "F1": 0.4539249146757679
  }
}