{
  "gpt2 T=0.1 prompt=base": {
    "P": 0.005494505494505495,
    "R": 0.005607476635514018,
    "F1": 0.005550416281221092
  },
  "gpt2-xl T=0.1 prompt=base": {
    "P": 0.044365572315882874,
    "R": 0.03115264797507788,
    "F1": 0.036603221083455345
  },
  "llama-65b T=0.1 prompt=base": {
    "P": 0.2132701421800948,
    "R": 0.22429906542056074,
    "F1": 0.2186456119040389
  },
  "gpt2 (KB top_k=5) T=0.1 prompt=base": {
    "P": 0.21774193548387097,
    "R": 0.16822429906542055,
    "F1": 0.18980667838312829
  },
  "gpt2-xl (KB top_k=5) T=0.1 prompt=base": {
    "P": 0.2811148486304661,
    "R": 0.3644859813084112,
    "F1": 0.3174172544763971
  },
  "llama-65b (KB top_k=5) T=0.1 prompt=base": {
    "P": 0.3274798291409587,
    "R": 0.42990654205607476,
    "F1": 0.37176724137931033
  }
}