{
  "Groundtruth": {
    "P": 0.9983471074380166,
    "R": 0.9982093663911845,
    "F1": 0.9982752425440173
  }
}