{
  "llama-65b T=0.1 prompt=base": {
    "P": 0.11106535529612452,
    "R": 0.09424135145288992,
    "F1": 0.09696783343842168
  },
  "llama-65b (KB few-shots top-1) T=0.1 prompt=base_few-shots": {
    "P": 0.3453843682359307,
    "R": 0.31556948811920404,
    "F1": 0.3197789920240578
  },
  "llama-65b (KB few-shots top-2) T=0.1 prompt=base_few-shots": {
    "P": 0.4104033895668585,
    "R": 0.39010714492295456,
    "F1": 0.3899317610393859
  },
  "llama-65b (KB few-shots top-5) T=0.1 prompt=base_few-shots": {
    "P": 0.47298598765488953,
    "R": 0.46575091109877365,
    "F1": 0.4578360165858317
  },
  "llama-65b (KB few-shots top-8) T=0.1 prompt=base_few-shots": {
    "P": 0.48179424389170145,
    "R": 0.47765163743977307,
    "F1": 0.4686042629686698
  },
  "llama-65b (KB complete top-20) T=0.1 prompt=base": {
    "P": 0.19655674902131087,
    "R": 0.22631176812877843,
    "F1": 0.19384814805334818
  },
  "llama-65b (KB top-10) T=0.1 prompt=base": {
    "P": 0.1946101834673263,
    "R": 0.2208013115632163,
    "F1": 0.19193280077703406
  },
  "llama-65b (KB top-100) T=0.1 prompt=base": {
    "P": 0.1827563235922857,
    "R": 0.20725240584862037,
    "F1": 0.1794046223483381
  },
  "llama-65b (KB top-20) T=0.1 prompt=base": {
    "P": 0.18048747513709631,
    "R": 0.20536654528131798,
    "F1": 0.17668785476643467
  },
  "llama-65b (KB top-5) T=0.1 prompt=base": {
    "P": 0.21848323460165564,
    "R": 0.22504744976549487,
    "F1": 0.20728296669067714
  }
}