{
  "llama-65b T=0.1 prompt=base": {
    "P": 0.2132701421800948,
    "R": 0.22429906542056074,
    "F1": 0.2186456119040389
  },
  "llama-65b (KB top-5) T=0.1 prompt=base": {
    "P": 0.3274798291409587,
    "R": 0.42990654205607476,
    "F1": 0.37176724137931033
  },
  "llama-65b (KB few-shots top-5) T=0.1 prompt=base_few-shots": {
    "P": 0.6682867557715675,
    "R": 0.6853582554517134,
    "F1": 0.6767148569670871
  }
}