{
  "gpt2 (KB top-5) T=0.1 prompt=base": {
    "P": 0.15087396504139836,
    "R": 0.14186851211072665,
    "F1": 0.14623272403031656
  },
  "gpt2-xl (KB top-5) T=0.1 prompt=base": {
    "P": 0.1551521031113575,
    "R": 0.27669303015323776,
    "F1": 0.1988189850375172
  },
  "falcon-7b (KB top-5) T=0.1 prompt=base": {
    "P": 0.14115484941901826,
    "R": 0.29424122590212554,
    "F1": 0.19078525641025643
  },
  "falcon-40b (KB top-5) T=0.1 prompt=base": {
    "P": 0.13271390241478684,
    "R": 0.3300790904597133,
    "F1": 0.18931178680275
  },
  "llama-13b (KB top-5) T=0.1 prompt=base": {
    "P": 0.17631693513278188,
    "R": 0.35034602076124566,
    "F1": 0.2345786272806255
  },
  "llama-65b (KB top-5) T=0.1 prompt=base": {
    "P": 0.15858972666050442,
    "R": 0.29683638161146814,
    "F1": 0.20673035545227644
  },
  "gpt-3.5-turbo (KB top-5) T=0.1 prompt=base": {
    "P": 0.10097413835731593,
    "R": 0.2523479980227385,
    "F1": 0.1442345046794985
  }
}