{
  "gpt2 (KB top_k=2) T=0.1 prompt=base_few-shots": {
    "P": 0.4792284866468843,
    "R": 0.4024922118380062,
    "F1": 0.4375211649170336
  }
}