{
  "llama-65b T=0.1 prompt=base": {
    "P": 0.01263157894736842,
    "R": 0.025210084033613446,
    "F1": 0.016830294530154277
  },
  "llama-65b (KB) T=0.1 prompt=base": {
    "P": 0.11759112519809825,
    "R": 0.2750865051903114,
    "F1": 0.16475464436385168
  }
}