{
  "Random (KB top_k=5) T=None prompt=webnlg_modified": {
    "P": 0.30551816958277256,
    "R": 0.42429906542056073,
    "F1": 0.35524256651017216
  },
  "llama-65b (KB top_k=5) T=0.1 prompt=base": {
    "P": 0.3274798291409587,
    "R": 0.42990654205607476,
    "F1": 0.37176724137931033
  }
}