{"1": 0.34392523364485983, "2": 0.4367601246105919, "3": 0.48473520249221186, "5": 0.5190031152647975, "8": 0.5333333333333333}