{"1": 0.5520249221183801, "2": 0.685981308411215, "3": 0.7576323987538941, "5": 0.8062305295950156, "8": 0.8610591900311526}