{"1": 0.47289719626168225, "2": 0.5981308411214953, "3": 0.6598130841121496, "5": 0.7221183800623053, "8": 0.7501557632398754}