{"1": 0.55, "2": 0.6333333333333333, "3": 0.7083333333333334, "5": 0.7583333333333333, "8": 0.8083333333333333}