{"3": 0.30778816199376946, "5": 0.3644859813084112, "10": 0.41869158878504675, "20": 0.4336448598130841, "50": 0.4367601246105919}