{"3": 0.08099688473520249, "5": 0.08224299065420561, "10": 0.08224299065420561, "20": 0.08224299065420561, "50": 0.08224299065420561}