{"1": 0.5196261682242991, "2": 0.6598130841121496, "3": 0.7214953271028037, "5": 0.788785046728972, "8": 0.8330218068535825}