{"3": 0.3888888888888889, "5": 0.436408106219427, "10": 0.48276263685068715, "20": 0.5137433030514792, "50": 0.5475192173305381}