{"1": 0.4671558350803634, "2": 0.5427440018634987, "3": 0.585720941066853, "5": 0.637200093174936, "8": 0.6798276263685069}