{
  "gpt2 T=0.1 prompt=base": {
    "P": 0.005494505494505495,
    "R": 0.005607476635514018,
    "F1": 0.005550416281221092
  },
  "gpt2-xl T=0.1 prompt=base": {
    "P": 0.044365572315882874,
    "R": 0.03115264797507788,
    "F1": 0.036603221083455345
  },
  "falcon-7b T=0.1 prompt=base": {
    "P": 0.05888030888030888,
    "R": 0.07601246105919003,
    "F1": 0.0663584443840087
  },
  "falcon-40b T=0.1 prompt=base": {
    "P": 0.12872841444270017,
    "R": 0.2043613707165109,
    "F1": 0.15795810257645077
  },
  "llama-13b T=0.1 prompt=base": {
    "P": 0.11934805467928496,
    "R": 0.14143302180685358,
    "F1": 0.129455374964357
  },
  "llama-65b T=0.1 prompt=base": {
    "P": 0.2132701421800948,
    "R": 0.22429906542056074,
    "F1": 0.2186456119040389
  },
  "gpt-3.5-turbo T=0.1 prompt=base": {
    "P": 0.1286549707602339,
    "R": 0.16448598130841122,
    "F1": 0.1443806398687449
  },
  "gpt-4 T=0.1 prompt=base": {
    "P": 0.1407035175879397,
    "R": 0.17445482866043613,
    "F1": 0.15577190542420027
  }
}