{"3": 0.18878504672897195, "5": 0.21370716510903426, "10": 0.22990654205607478, "20": 0.2336448598130841, "50": 0.23489096573208723}