{"3": 0.525, "5": 0.6333333333333333, "10": 0.7083333333333334, "20": 0.7416666666666667, "50": 0.7583333333333333}